reference_usage	usage1	cosine_similarity1	usage2	cosine_similarity2	usage3	cosine_similarity3	usage4	cosine_similarity4	order	given_order
fic_1860_2807.txt-342-10	missing_usage	0.7216600179672241	nf_1851_758845.txt-2313-9	0.4796467423439026	fic_1969_10521.txt-571-8	0.821009635925293	nf_1984_773424.txt-310-33	0.0	['fic_1969_10521.txt-571-8', 'nf_1851_758845.txt-2313-9', 'nf_1984_773424.txt-310-33']	['nf_1984_773424.txt-310-33', 'nf_1851_758845.txt-2313-9', 'fic_1969_10521.txt-571-8']
nf_1837_772749.txt-870-3	mag_1825_553652.txt-78-3	0.7317580580711365	missing_usage	0.3474807143211365	fic_2007_33912.txt-10-4	0.5006682872772217	nf_1847_748116.txt-3039-14	0.0	['mag_1825_553652.txt-78-3', 'fic_2007_33912.txt-10-4', 'nf_1847_748116.txt-3039-14']	['nf_1847_748116.txt-3039-14', 'mag_1825_553652.txt-78-3', 'fic_2007_33912.txt-10-4']
mag_1826_553699.txt-30-27	fic_1963_16356.txt-79-8	0.3687092661857605	fic_1827_7269.txt-2252-64	0.8388798236846924	mag_1994_425913.txt-107-45	0.7512814998626709	missing_usage	0.0	['fic_1827_7269.txt-2252-64', 'mag_1994_425913.txt-107-45', 'fic_1963_16356.txt-79-8']	['fic_1827_7269.txt-2252-64', 'mag_1994_425913.txt-107-45', 'fic_1963_16356.txt-79-8']
