reference_usage	usage1	cosine_similarity1	usage2	cosine_similarity2	usage3	cosine_similarity3	usage4	cosine_similarity4	order	given_order
mag_1833_554231.txt-975-40	mag_2001_417479.txt-58-2	0.9488652944564819	fic_2004_27158.txt-20-24	0.9500079154968262	missing_usage	0.9042816758155823	fic_1828_7245.txt-1427-4	0.0	['fic_2004_27158.txt-20-24', 'mag_2001_417479.txt-58-2', 'fic_1828_7245.txt-1427-4']	['fic_2004_27158.txt-20-24', 'fic_1828_7245.txt-1427-4', 'mag_2001_417479.txt-58-2']
fic_1828_7245.txt-1427-4	mag_1833_554231.txt-975-40	0.9042816758155823	nf_2006_746405.txt-156-4	0.8890846967697144	missing_usage	0.8485015630722046	nf_1989_773862.txt-800-43	0.0	['mag_1833_554231.txt-975-40', 'nf_2006_746405.txt-156-4', 'nf_1989_773862.txt-800-43']	['nf_2006_746405.txt-156-4', 'mag_1833_554231.txt-975-40', 'nf_1989_773862.txt-800-43']
nf_1839_747507.txt-1930-49	nf_1839_747507.txt-958-67	0.9707844257354736	missing_usage	0.9152283668518066	fic_1856_9852.txt-4896-55	0.9391099214553833	nf_2006_746405.txt-156-4	0.0	['nf_1839_747507.txt-958-67', 'fic_1856_9852.txt-4896-55', 'nf_2006_746405.txt-156-4']	['fic_1856_9852.txt-4896-55', 'nf_1839_747507.txt-958-67', 'nf_2006_746405.txt-156-4']
fic_1823_7246.txt-5269-10	fic_1975_10601.txt-11881-9	0.9112997651100159	mag_1968_431762.txt-279-29	0.8278769254684448	missing_usage	0.8942111730575562	mag_1847_555447.txt-143-19	0.0	['fic_1975_10601.txt-11881-9', 'mag_1968_431762.txt-279-29', 'mag_1847_555447.txt-143-19']	['mag_1847_555447.txt-143-19', 'mag_1968_431762.txt-279-29', 'fic_1975_10601.txt-11881-9']
nf_1989_773862.txt-800-43	fic_1828_7245.txt-1427-4	0.8485015630722046	missing_usage	0.7922714948654175	mag_1992_423656.txt-90-16	0.9152896404266357	nf_1970_774162.txt-3172-2	0.0	['mag_1992_423656.txt-90-16', 'fic_1828_7245.txt-1427-4', 'nf_1970_774162.txt-3172-2']	['nf_1970_774162.txt-3172-2', 'mag_1992_423656.txt-90-16', 'fic_1828_7245.txt-1427-4']
mag_2001_417479.txt-58-2	fic_1854_9160.txt-194-8	0.9769737720489502	missing_usage	0.9488652944564819	mag_1833_554231.txt-975-40	0.8912725448608398	mag_1999_407854.txt-21-22	0.0	['fic_1854_9160.txt-194-8', 'mag_1833_554231.txt-975-40', 'mag_1999_407854.txt-21-22']	['fic_1854_9160.txt-194-8', 'mag_1999_407854.txt-21-22', 'mag_1833_554231.txt-975-40']
