reference_usage	usage1	cosine_similarity1	usage2	cosine_similarity2	usage3	cosine_similarity3	usage4	cosine_similarity4	order	given_order
fic_1848_7009.txt-3726-46	missing_usage	0.9648157358169556	nf_1858_747890.txt-902-2	0.8744871616363525	fic_1849_7230.txt-2090-6	0.5697504281997681	fic_1988_13311.txt-1418-5	0.0	['nf_1858_747890.txt-902-2', 'fic_1849_7230.txt-2090-6', 'fic_1988_13311.txt-1418-5']	['nf_1858_747890.txt-902-2', 'fic_1849_7230.txt-2090-6', 'fic_1988_13311.txt-1418-5']
nf_1856_769051.txt-3330-25	fic_1988_13311.txt-1418-5	0.8180164098739624	mag_1973_431867.txt-184-0	0.9085347652435303	fic_1831_8376.txt-4942-4	0.8265624046325684	missing_usage	0.0	['mag_1973_431867.txt-184-0', 'fic_1831_8376.txt-4942-4', 'fic_1988_13311.txt-1418-5']	['fic_1831_8376.txt-4942-4', 'mag_1973_431867.txt-184-0', 'fic_1988_13311.txt-1418-5']
fic_1988_13311.txt-1418-5	nf_1856_769051.txt-3330-25	0.8180164098739624	fic_1836_7111.txt-1882-14	0.6611570119857788	fic_1851_3336.txt-2841-13	0.7132937908172607	missing_usage	0.0	['nf_1856_769051.txt-3330-25', 'fic_1851_3336.txt-2841-13', 'fic_1836_7111.txt-1882-14']	['fic_1851_3336.txt-2841-13', 'fic_1836_7111.txt-1882-14', 'nf_1856_769051.txt-3330-25']
