reference_usage	usage1	cosine_similarity1	usage2	cosine_similarity2	usage3	cosine_similarity3	usage4	cosine_similarity4	order	given_order
nf_1843_748690.txt-1154-34	missing_usage	0.9783856272697449	fic_1997_54593.txt-116-14	0.8067052364349365	mag_1999_404075.txt-254-9	0.9469388723373413	mag_1966_211235.txt-8-4	0.0	['mag_1999_404075.txt-254-9', 'fic_1997_54593.txt-116-14', 'mag_1966_211235.txt-8-4']	['fic_1997_54593.txt-116-14', 'mag_1966_211235.txt-8-4', 'mag_1999_404075.txt-254-9']
mag_1847_524175.txt-916-3	mag_1966_211235.txt-8-4	0.3839107155799866	fic_1860_9072.txt-3702-25	0.365026593208313	mag_1999_404075.txt-254-9	0.5649920701980591	missing_usage	0.0	['mag_1999_404075.txt-254-9', 'mag_1966_211235.txt-8-4', 'fic_1860_9072.txt-3702-25']	['fic_1860_9072.txt-3702-25', 'mag_1999_404075.txt-254-9', 'mag_1966_211235.txt-8-4']
mag_1999_404075.txt-254-9	missing_usage	0.8598644733428955	mag_1848_565755.txt-427-5	0.8253611326217651	nf_1838_747482.txt-1930-7	0.5649920701980591	mag_1847_524175.txt-916-3	0.0	['mag_1848_565755.txt-427-5', 'nf_1838_747482.txt-1930-7', 'mag_1847_524175.txt-916-3']	['nf_1838_747482.txt-1930-7', 'mag_1847_524175.txt-916-3', 'mag_1848_565755.txt-427-5']
fic_1987_782034.txt-8660-41	mag_1963_269445.txt-16-39	0.8468599319458008	nf_1843_748690.txt-1049-25	0.8855654001235962	fic_1843_7039.txt-3001-5	0.880759596824646	missing_usage	0.0	['nf_1843_748690.txt-1049-25', 'fic_1843_7039.txt-3001-5', 'mag_1963_269445.txt-16-39']	['mag_1963_269445.txt-16-39', 'nf_1843_748690.txt-1049-25', 'fic_1843_7039.txt-3001-5']
mag_1966_211235.txt-8-4	missing_usage	0.3839107155799866	mag_1847_524175.txt-916-3	0.9636330604553223	nf_1838_747585.txt-1531-29	0.9469388723373413	nf_1843_748690.txt-1154-34	0.0	['mag_1847_524175.txt-916-3', 'nf_1838_747585.txt-1531-29', 'nf_1843_748690.txt-1154-34']	['nf_1838_747585.txt-1531-29', 'nf_1843_748690.txt-1154-34', 'mag_1847_524175.txt-916-3']
fic_1984_10723.txt-926-4	fic_1993_1040075.txt-370-6	0.5186711549758911	fic_1993_1040075.txt-591-5	0.9858977794647217	missing_usage	0.7601655721664429	fic_1843_7208.txt-2339-7	0.0	['fic_1993_1040075.txt-591-5', 'fic_1993_1040075.txt-370-6', 'fic_1843_7208.txt-2339-7']	['fic_1993_1040075.txt-591-5', 'fic_1993_1040075.txt-370-6', 'fic_1843_7208.txt-2339-7']
