reference_usage	usage1	cosine_similarity1	usage2	cosine_similarity2	usage3	cosine_similarity3	usage4	cosine_similarity4	order	given_order
fic_1852_593.txt-3113-20	fic_1853_2486.txt-1107-21	0.8254947066307068	fic_1846_7136.txt-2439-26	0.8874531388282776	missing_usage	0.8856935501098633	mag_2000_367703.txt-12-11	0.0	['fic_1846_7136.txt-2439-26', 'fic_1853_2486.txt-1107-21', 'mag_2000_367703.txt-12-11']	['mag_2000_367703.txt-12-11', 'fic_1846_7136.txt-2439-26', 'fic_1853_2486.txt-1107-21']
fic_1972_10554.txt-3758-10	fic_1999_45414.txt-501-23	0.6941924095153809	fic_1972_10562.txt-1809-10	0.5744602084159851	missing_usage	0.9222633838653564	fic_1853_2486.txt-1107-21	0.0	['fic_1999_45414.txt-501-23', 'fic_1972_10562.txt-1809-10', 'fic_1853_2486.txt-1107-21']	['fic_1972_10562.txt-1809-10', 'fic_1853_2486.txt-1107-21', 'fic_1999_45414.txt-501-23']
fic_1999_45414.txt-501-23	missing_usage	0.6941924095153809	fic_1972_10554.txt-3758-10	0.7799628973007202	fic_1826_314.txt-701-4	0.9409419894218445	fic_1968_781998.txt-6486-37	0.0	['fic_1826_314.txt-701-4', 'fic_1972_10554.txt-3758-10', 'fic_1968_781998.txt-6486-37']	['fic_1968_781998.txt-6486-37', 'fic_1826_314.txt-701-4', 'fic_1972_10554.txt-3758-10']
mag_1979_487922.txt-97-0	nf_1832_747409.txt-1053-69	0.8072458505630493	missing_usage	0.8409039974212646	fic_1830_8629.txt-186-17	0.5916609764099121	mag_1994_393643.txt-73-10	0.0	['nf_1832_747409.txt-1053-69', 'fic_1830_8629.txt-186-17', 'mag_1994_393643.txt-73-10']	['nf_1832_747409.txt-1053-69', 'fic_1830_8629.txt-186-17', 'mag_1994_393643.txt-73-10']
