reference_usage	usage1	cosine_similarity1	usage2	cosine_similarity2	usage3	cosine_similarity3	usage4	cosine_similarity4	order	given_order
mag_1855_556005.txt-194-2	mag_1845_587596.txt-153-9	0.9446276426315308	fic_1851_3300.txt-3160-48	0.9594152569770813	fic_1835_7353.txt-1190-8	0.9700150489807129	missing_usage	0.0	['fic_1835_7353.txt-1190-8', 'fic_1851_3300.txt-3160-48', 'mag_1845_587596.txt-153-9']	['fic_1835_7353.txt-1190-8', 'fic_1851_3300.txt-3160-48', 'mag_1845_587596.txt-153-9']
