reference_usage	usage1	cosine_similarity1	usage2	cosine_similarity2	usage3	cosine_similarity3	usage4	cosine_similarity4	order	given_order
fic_1843_7208.txt-10532-32	missing_usage	0.4600900709629059	fic_1818_7631.txt-309-6	0.3981098532676697	fic_1974_10593.txt-3510-10	0.6683057546615601	mag_1851_555722.txt-216-7	0.0	['fic_1974_10593.txt-3510-10', 'fic_1818_7631.txt-309-6', 'mag_1851_555722.txt-216-7']	['fic_1818_7631.txt-309-6', 'mag_1851_555722.txt-216-7', 'fic_1974_10593.txt-3510-10']
nf_1854_755030.txt-3112-24	fic_1986_10746.txt-2263-27	0.8042033910751343	fic_1971_10541.txt-2230-30	0.9581034779548645	missing_usage	0.6443661451339722	mag_1961_268246.txt-9-15	0.0	['fic_1971_10541.txt-2230-30', 'fic_1986_10746.txt-2263-27', 'mag_1961_268246.txt-9-15']	['fic_1971_10541.txt-2230-30', 'fic_1986_10746.txt-2263-27', 'mag_1961_268246.txt-9-15']
fic_1854_9826.txt-1896-19	fic_2003_29566.txt-57-25	0.4590108394622803	mag_1961_268246.txt-9-15	0.45572274923324585	fic_1824_7211.txt-2276-17	0.5011394619941711	missing_usage	0.0	['fic_1824_7211.txt-2276-17', 'fic_2003_29566.txt-57-25', 'mag_1961_268246.txt-9-15']	['fic_1824_7211.txt-2276-17', 'fic_2003_29566.txt-57-25', 'mag_1961_268246.txt-9-15']
fic_2004_13808.txt-742-11	fic_1835_7334.txt-1483-49	0.39252108335494995	news_2006_623988.txt-62-17	0.7797680497169495	missing_usage	0.213179349899292	fic_1840_7164.txt-1181-13	0.0	['news_2006_623988.txt-62-17', 'fic_1835_7334.txt-1483-49', 'fic_1840_7164.txt-1181-13']	['fic_1835_7334.txt-1483-49', 'fic_1840_7164.txt-1181-13', 'news_2006_623988.txt-62-17']
