current_mapping	objective_function_value
[0.3417569  0.56156106 0.74925642]	0.6737932563909592
[0.32892136 0.56141202 0.74925642]	0.6740086158430298
[0.32892136 0.56140356 0.74925642]	0.6740086158430298
