current_mapping	objective_function_value
[-3.487357049359683, 0.5764049183955344, 0.7406110048359443]	0.6674886095187931
[-3.487357049359683, 0.5756892095460621, 0.7406110048545149]	0.667553540160281
