current_mapping	objective_function_value
[0.5627468630957295, 0.33274335180368, 0.749298097357625]	0.6736760382156186
[0.5633826602155803, 0.3324830980812764, 0.7492980973772795]	0.6737691262731297
[0.5613788838806365, 0.3324608421438444, 0.7492980973952871]	0.6740395203787575
[0.5613788838940622, 0.3324347394509946, 0.7492980974132947]	0.6740395203787575
