current_mapping	objective_function_value
[0.5649371260916904, 0.33263192514063317, 0.740336667268365]	0.6731425239140524
[0.5756864213405379, 0.3324039292739507, 0.7401566639054987]	0.6732765452381256
[0.5756864213541567, 0.33248488796712944, 0.7401566639169916]	0.6732765452381256
