current_mapping	objective_function_value
[0.7416271678255988, -3.6595792715819053, 0.5756143623816025]	0.6670740180051906
[0.7402062141098695, -3.6595792715819053, 0.5756143624007983]	0.6675250476951914
[0.740157923758723, -3.6595792715819053, 0.5756143624199942]	0.6675250476951914
