current_mapping	objective_function_value
[2.687928961545842, 0.6009192617934529, 0.33522605974293057]	0.44560316804045286
[2.687928961545842, 0.6029166040816878, 0.33250095601309126]	0.44585975810515843
[2.687928961545842, 0.6053688795122223, 0.32912544016718076]	0.44647827886076474
