current_mapping	objective_function_value
[2.787928961545842, 0.6307813416012007, 0.33441719363121575]	0.44637824679975335
[2.787928961545842, 0.6310299415624834, 0.3321002111886112]	0.44676492435451054
[2.787928961545842, 0.6310287871043795, 0.33246242247688945]	0.4468489127024382
[2.787928961545842, 0.6310287871043795, 0.3324624224936753]	0.4468489127024382
