current_mapping	objective_function_value
[2.8879289615458417, 0.6056846399101652, 0.3290837355268306]	0.44638738169608894
[2.8879289615458417, 0.6052633186548846, 0.32908373554095727]	0.44647827886076474
[2.8879289615458417, 0.6051957341604747, 0.32908373556014464]	0.44651296611930924
