current_mapping	objective_function_value
[0.33168047595491873, 0.596998574727274, 0.748419761768047]	0.671434030931563
[0.3291298000839534, 0.5947035459450591, 0.7493631076503073]	0.67195632657074
[0.3291223371433666, 0.5765768535328849, 0.7493560224485452]	0.6738239796704104
[0.3291063878515336, 0.5765922930305681, 0.7493560284833838]	0.6738819875021689
