current_mapping	objective_function_value
[0.5180339652352628, -3.237357049359683, 0.7515310675527864]	0.6595400705796748
[0.5776116856099048, -3.237357049359683, 0.7515310675677733]	0.6678061102144355
[0.5757006589507023, -3.237357049359683, 0.7515310675859957]	0.6679445535178087
[0.5766161017103139, -3.237357049359683, 0.7516878933736237]	0.6681995104385753
[0.5765995964731547, -3.237357049359683, 0.7516847640175932]	0.6681995104385753
