current_mapping	objective_function_value
[0.3417568993785298, 0.5615610554118068, 0.7492564179484023]	0.6737932563909592
[0.3289213588001945, 0.5614120169129273, 0.7492564179664105]	0.6740086158430298
[0.3289213588192781, 0.561403560081181, 0.7492564179844188]	0.6740086158430298
