current_mapping	objective_function_value
[-3.387357049359683, 0.5901816882925972, 0.7524096768753512]	0.6658450763117034
[-3.387357049359683, 0.5766156844140515, 0.7524096768555711]	0.6678847319641457
[-3.387357049359683, 0.5766156844138185, 0.7524096768357911]	0.6678847319641457
