current_mapping	objective_function_value
[0.727701549150688, 0.5719918721841768, -3.7429126049152384]	0.6648883416392021
[0.7516491673889752, 0.5760410209315487, -3.7429126049152384]	0.6679445535178087
[0.7515416118054323, 0.5757847414238743, -3.7429126049152384]	0.6679445535178087
