current_mapping	objective_function_value
[0.32892136001908356, 0.5614035600179829, 0.7492564200180083]	0.6740086158430298
