current_mapping	objective_function_value
[0.3355327964090491, 0.5757510597454246, 0.7404403230658221]	0.6732338740521843
[0.3326996105496178, 0.5757510597570512, 0.7404403230839756]	0.6732800452318592
