current_mapping	objective_function_value
[0.5613283422361351, 0.3347896551372531, 0.740277307899778]	0.6734499792269446
[0.5614346979024399, 0.3346057311567261, 0.7400543356079319]	0.6735066528121332
