method	initial_mapping	krippendorff
Nelder-Mead	[0.32892136, 0.56140356, 0.74925642]	0.6740653370729035
