lemma	mean_overall	mean_per_challenge	median_overall	median_per_challenge	std_overall	std_per_challenge
arm	-0.00023563967883417832	-0.00014078947368421397	0.0	0.026315789473684213	0.46688547176514583	0.5001268074716884
bank	-0.00023563967883417832	0.0016699999999999996	0.0	0.0	0.46688547176514583	0.4987882306119429
bar	-0.00023563967883417832	0.0005441666666666925	0.0	0.03333333333333334	0.46688547176514583	0.44674901884683327
order	-0.00023563967883417832	-0.0016333333333333287	0.0	-0.027777777777777776	0.46688547176514583	0.4987918172395316
part	-0.00023563967883417832	0.0003354838709677384	0.0	0.03225806451612903	0.46688547176514583	0.4464453281793264
record	-0.00023563967883417832	-0.0017445161290322534	0.0	-0.03225806451612903	0.46688547176514583	0.44701749014051273
tip	-0.00023563967883417832	0.0009077419354838759	0.0	0.03225806451612903	0.46688547176514583	0.4454922511803816
twist	-0.00023563967883417832	-0.0018238709677419393	0.0	0.03225806451612903	0.46688547176514583	0.4460527717615962
