lemma	mean_overall	mean_per_challenge	median_overall	median_per_challenge	std_overall	std_per_challenge
arm	0.02774879733923956	0.04275460652459199	0.02941176470588236	0.047741935483870845	0.39428886792487566	0.4197830562445748
bank	0.02774879733923956	0.020081912145580395	0.02941176470588236	0.047741935483870845	0.39428886792487566	0.41433992210214415
bar	0.02774879733923956	0.037949694899904865	0.02941176470588236	0.042134831460674094	0.39428886792487566	0.37301958890654674
order	0.02774879733923956	0.05731192031870861	0.02941176470588236	0.05799999999999994	0.39428886792487566	0.4184358818342195
part	0.02774879733923956	0.026530122971057755	0.02941176470588236	0.02777777777777779	0.39428886792487566	0.3850773830195592
record	0.02774879733923956	0.005960089171202063	0.02941176470588236	0.000936329588014928	0.39428886792487566	0.3761499743005013
tip	0.02774879733923956	0.004498957257301932	0.02941176470588236	0.000936329588014928	0.39428886792487566	0.37613380040187877
twist	0.02774879733923956	0.026903075425569006	0.02941176470588236	0.02777777777777779	0.39428886792487566	0.3847901237084452
